{
    "templates": [
        {
            "name": "Button1",
            "position": {
                "x": 0.0,
                "y": 0.0,
                "z": 0.0
            },
            "rotation": {
                "x": 0.0,
                "y": 0.0,
                "z": 0.0,
                "w": 1.0
            },
            "scale": {
                "x": 1.0,
                "y": 1.0,
                "z": 1.0
            },
            "color": {
                "r": 255.0,
                "g": 0.0,
                "b": 0.0,
                "a": 255.0
            },
            "children": []
        },
        {
            "name": "Button2",
            "position": {
                "x": 40.0,
                "y": 0.0,
                "z": 0.0
            },
            "rotation": {
                "x": 0.0,
                "y": 0.7071067690849304,
                "z": 0.0,
                "w": -0.7071067690849304
            },
            "scale": {
                "x": 4.0,
                "y": 2.0,
                "z": 3.0
            },
            "color": {
                "r": 0.0,
                "g": 255.0,
                "b": 0.0,
                "a": 255.0
            },
            "children": []
        },
        {
            "name": "fghf",
            "position": {
                "x": 1.0,
                "y": 0.0,
                "z": 0.0
            },
            "rotation": {
                "x": 0.0,
                "y": 0.0,
                "z": 0.0,
                "w": 1.0
            },
            "scale": {
                "x": 1.0,
                "y": 1.0,
                "z": 1.0
            },
            "color": {
                "r": 1.0,
                "g": 1.0,
                "b": 1.0,
                "a": 1.0
            },
            "children": []
        },
        {
            "name": "button3",
            "position": {
                "x": 50.0,
                "y": 0.0,
                "z": 0.0
            },
            "rotation": {
                "x": -0.8433914184570313,
                "y": 6.035192257058952e-8,
                "z": 6.035192257058952e-8,
                "w": 0.537299633026123
            },
            "scale": {
                "x": 2.0,
                "y": 2.0,
                "z": 2.0
            },
            "color": {
                "r": 0.7830188870429993,
                "g": 0.23268957436084748,
                "b": 0.23268957436084748,
                "a": 1.0
            },
            "children": []
        },
        {
            "name": "button 4",
            "position": {
                "x": 20.0,
                "y": 0.0,
                "z": 0.0
            },
            "rotation": {
                "x": 0.0,
                "y": 1.0,
                "z": 0.0,
                "w": -4.371138828673793e-8
            },
            "scale": {
                "x": 2.0,
                "y": 2.0,
                "z": 2.0
            },
            "color": {
                "r": 1.0,
                "g": 1.0,
                "b": 1.0,
                "a": 1.0
            },
            "children": []
        }
    ]
}